,Target,OBC,OBC,Local Var,
,PacketID,0x25,,
,Enable/Disable,ENABLE,
,IsRestricted,FALSE,,,,,,,,,,,,,,,
,,,,,,,,,,,,,,,,,
Comment,TLM Entry,Onboard Software Info.,,Extraction Info.,,,,Conversion Info.,,,,,,,,Description,Note
,Name,Var.%%##Type,Variable or Function Name,Ext.%%##Type,Pos. Desiginator,,,Conv.%%##Type,Poly (��a_i * x^i),,,,,,Status,,
,,,,,Octet%%##Pos.,bit%%##Pos.,bit%%##Len.,,a0,a1,a2,a3,a4,a5,,,
,PH.VER,uint16_t,,PACKET,0,0,3,,,
,PH.TYPE,,,PACKET,0,3,1,,,
,PH.SH_FLAG,,,PACKET,0,4,1,,,
,PH.APID,,,PACKET,0,5,11,,,
,PH.SEQ_FLAG,uint16_t,,PACKET,2,0,2,,,
,PH.SEQ_COUNT,,,PACKET,2,2,14,,,
,PH.PACKET_LEN,uint16_t,,PACKET,4,0,16,NONE,,,,,,,,,
,SH.VER,uint8_t,,PACKET,6,0,8,NONE,,,,,,,,,
,SH.TI,uint32_t,,PACKET,7,0,32,NONE,,,,,,,,,
,SH.TLM_ID,uint8_t,,PACKET,11,0,8,HEX,,,,,,,,,
,SH.GLOBAL_TIME,double,,PACKET,12,0,64,NONE,,,,,,,,,
,SH.ON_BOARD_SUBNET_TIME,uint32_t,,PACKET,20,0,32,NONE,,,,,,,,,
,SH.DEST_FLAGS,uint8_t,,PACKET,24,0,8,HEX,,,,,,,,,
,SH.DR_PARTITION,uint8_t,,PACKET,25,0,8,NONE,,,,,,,,,
,PAGE_NO,uint8_t,(uint8_t)(command_analyze->tlm_page_no),PACKET,26,0,8,NONE,,,,,,,,,
,CMD0.FUNC,uint32_t,(uint32_t)(command_analyze->cmd_table[CA_TLM_PAGE_SIZE*(command_analyze->tlm_page_no)+0].cmd_func),PACKET,27,0,32,HEX,,,,,,,,,
,CMD0.PARAM0_SIZE,uint8_t,,PACKET,31,0,4,,,
,CMD0.PARAM1_SIZE,,,PACKET,31,4,4,,,
,CMD0.PARAM2_SIZE,uint8_t,,PACKET,32,0,4,,,
,CMD0.PARAM3_SIZE,,,PACKET,32,4,4,,,
,CMD0.PARAM4_SIZE,uint8_t,,PACKET,33,0,4,,,
,CMD0.PARAM5_SIZE,,,PACKET,33,4,4,,,
,CMD1.FUNC,uint32_t,(uint32_t)(command_analyze->cmd_table[CA_TLM_PAGE_SIZE*(command_analyze->tlm_page_no)+1].cmd_func),PACKET,34,0,32,HEX,,,,,,,,,
,CMD1.PARAM0_SIZE,uint8_t,,PACKET,38,0,4,,,
,CMD1.PARAM1_SIZE,,,PACKET,38,4,4,,,
,CMD1.PARAM2_SIZE,uint8_t,,PACKET,39,0,4,,,
,CMD1.PARAM3_SIZE,,,PACKET,39,4,4,,,
,CMD1.PARAM4_SIZE,uint8_t,,PACKET,40,0,4,,,
,CMD1.PARAM5_SIZE,,,PACKET,40,4,4,,,
,CMD2.FUNC,uint32_t,(uint32_t)(command_analyze->cmd_table[CA_TLM_PAGE_SIZE*(command_analyze->tlm_page_no)+2].cmd_func),PACKET,41,0,32,HEX,,,,,,,,,
,CMD2.PARAM0_SIZE,uint8_t,,PACKET,45,0,4,,,
,CMD2.PARAM1_SIZE,,,PACKET,45,4,4,,,
,CMD2.PARAM2_SIZE,uint8_t,,PACKET,46,0,4,,,
,CMD2.PARAM3_SIZE,,,PACKET,46,4,4,,,
,CMD2.PARAM4_SIZE,uint8_t,,PACKET,47,0,4,,,
,CMD2.PARAM5_SIZE,,,PACKET,47,4,4,,,
,CMD3.FUNC,uint32_t,(uint32_t)(command_analyze->cmd_table[CA_TLM_PAGE_SIZE*(command_analyze->tlm_page_no)+3].cmd_func),PACKET,48,0,32,HEX,,,,,,,,,
,CMD3.PARAM0_SIZE,uint8_t,,PACKET,52,0,4,,,
,CMD3.PARAM1_SIZE,,,PACKET,52,4,4,,,
,CMD3.PARAM2_SIZE,uint8_t,,PACKET,53,0,4,,,
,CMD3.PARAM3_SIZE,,,PACKET,53,4,4,,,
,CMD3.PARAM4_SIZE,uint8_t,,PACKET,54,0,4,,,
,CMD3.PARAM5_SIZE,,,PACKET,54,4,4,,,
,CMD4.FUNC,uint32_t,(uint32_t)(command_analyze->cmd_table[CA_TLM_PAGE_SIZE*(command_analyze->tlm_page_no)+4].cmd_func),PACKET,55,0,32,HEX,,,,,,,,,
,CMD4.PARAM0_SIZE,uint8_t,,PACKET,59,0,4,,,
,CMD4.PARAM1_SIZE,,,PACKET,59,4,4,,,
,CMD4.PARAM2_SIZE,uint8_t,,PACKET,60,0,4,,,
,CMD4.PARAM3_SIZE,,,PACKET,60,4,4,,,
,CMD4.PARAM4_SIZE,uint8_t,,PACKET,61,0,4,,,
,CMD4.PARAM5_SIZE,,,PACKET,61,4,4,,,
,CMD5.FUNC,uint32_t,(uint32_t)(command_analyze->cmd_table[CA_TLM_PAGE_SIZE*(command_analyze->tlm_page_no)+5].cmd_func),PACKET,62,0,32,HEX,,,,,,,,,
,CMD5.PARAM0_SIZE,uint8_t,,PACKET,66,0,4,,,
,CMD5.PARAM1_SIZE,,,PACKET,66,4,4,,,
,CMD5.PARAM2_SIZE,uint8_t,,PACKET,67,0,4,,,
,CMD5.PARAM3_SIZE,,,PACKET,67,4,4,,,
,CMD5.PARAM4_SIZE,uint8_t,,PACKET,68,0,4,,,
,CMD5.PARAM5_SIZE,,,PACKET,68,4,4,,,
,CMD6.FUNC,uint32_t,(uint32_t)(command_analyze->cmd_table[CA_TLM_PAGE_SIZE*(command_analyze->tlm_page_no)+6].cmd_func),PACKET,69,0,32,HEX,,,,,,,,,
,CMD6.PARAM0_SIZE,uint8_t,,PACKET,73,0,4,,,
,CMD6.PARAM1_SIZE,,,PACKET,73,4,4,,,
,CMD6.PARAM2_SIZE,uint8_t,,PACKET,74,0,4,,,
,CMD6.PARAM3_SIZE,,,PACKET,74,4,4,,,
,CMD6.PARAM4_SIZE,uint8_t,,PACKET,75,0,4,,,
,CMD6.PARAM5_SIZE,,,PACKET,75,4,4,,,
,CMD7.FUNC,uint32_t,(uint32_t)(command_analyze->cmd_table[CA_TLM_PAGE_SIZE*(command_analyze->tlm_page_no)+7].cmd_func),PACKET,76,0,32,HEX,,,,,,,,,
,CMD7.PARAM0_SIZE,uint8_t,,PACKET,80,0,4,,,
,CMD7.PARAM1_SIZE,,,PACKET,80,4,4,,,
,CMD7.PARAM2_SIZE,uint8_t,,PACKET,81,0,4,,,
,CMD7.PARAM3_SIZE,,,PACKET,81,4,4,,,
,CMD7.PARAM4_SIZE,uint8_t,,PACKET,82,0,4,,,
,CMD7.PARAM5_SIZE,,,PACKET,82,4,4,,,
,CMD8.FUNC,uint32_t,(uint32_t)(command_analyze->cmd_table[CA_TLM_PAGE_SIZE*(command_analyze->tlm_page_no)+8].cmd_func),PACKET,83,0,32,HEX,,,,,,,,,
,CMD8.PARAM0_SIZE,uint8_t,,PACKET,87,0,4,,,
,CMD8.PARAM1_SIZE,,,PACKET,87,4,4,,,
,CMD8.PARAM2_SIZE,uint8_t,,PACKET,88,0,4,,,
,CMD8.PARAM3_SIZE,,,PACKET,88,4,4,,,
,CMD8.PARAM4_SIZE,uint8_t,,PACKET,89,0,4,,,
,CMD8.PARAM5_SIZE,,,PACKET,89,4,4,,,
,CMD9.FUNC,uint32_t,(uint32_t)(command_analyze->cmd_table[CA_TLM_PAGE_SIZE*(command_analyze->tlm_page_no)+9].cmd_func),PACKET,90,0,32,HEX,,,,,,,,,
,CMD9.PARAM0_SIZE,uint8_t,,PACKET,94,0,4,,,
,CMD9.PARAM1_SIZE,,,PACKET,94,4,4,,,
,CMD9.PARAM2_SIZE,uint8_t,,PACKET,95,0,4,,,
,CMD9.PARAM3_SIZE,,,PACKET,95,4,4,,,
,CMD9.PARAM4_SIZE,uint8_t,,PACKET,96,0,4,,,
,CMD9.PARAM5_SIZE,,,PACKET,96,4,4,,,
,CMD10.FUNC,uint32_t,(uint32_t)(command_analyze->cmd_table[CA_TLM_PAGE_SIZE*(command_analyze->tlm_page_no)+10].cmd_func),PACKET,97,0,32,HEX,,,,,,,,,
,CMD10.PARAM0_SIZE,uint8_t,,PACKET,101,0,4,,,
,CMD10.PARAM1_SIZE,,,PACKET,101,4,4,,,
,CMD10.PARAM2_SIZE,uint8_t,,PACKET,102,0,4,,,
,CMD10.PARAM3_SIZE,,,PACKET,102,4,4,,,
,CMD10.PARAM4_SIZE,uint8_t,,PACKET,103,0,4,,,
,CMD10.PARAM5_SIZE,,,PACKET,103,4,4,,,
,CMD11.FUNC,uint32_t,(uint32_t)(command_analyze->cmd_table[CA_TLM_PAGE_SIZE*(command_analyze->tlm_page_no)+11].cmd_func),PACKET,104,0,32,HEX,,,,,,,,,
,CMD11.PARAM0_SIZE,uint8_t,,PACKET,108,0,4,,,
,CMD11.PARAM1_SIZE,,,PACKET,108,4,4,,,
,CMD11.PARAM2_SIZE,uint8_t,,PACKET,109,0,4,,,
,CMD11.PARAM3_SIZE,,,PACKET,109,4,4,,,
,CMD11.PARAM4_SIZE,uint8_t,,PACKET,110,0,4,,,
,CMD11.PARAM5_SIZE,,,PACKET,110,4,4,,,
,CMD12.FUNC,uint32_t,(uint32_t)(command_analyze->cmd_table[CA_TLM_PAGE_SIZE*(command_analyze->tlm_page_no)+12].cmd_func),PACKET,111,0,32,HEX,,,,,,,,,
,CMD12.PARAM0_SIZE,uint8_t,,PACKET,115,0,4,,,
,CMD12.PARAM1_SIZE,,,PACKET,115,4,4,,,
,CMD12.PARAM2_SIZE,uint8_t,,PACKET,116,0,4,,,
,CMD12.PARAM3_SIZE,,,PACKET,116,4,4,,,
,CMD12.PARAM4_SIZE,uint8_t,,PACKET,117,0,4,,,
,CMD12.PARAM5_SIZE,,,PACKET,117,4,4,,,
,CMD13.FUNC,uint32_t,(uint32_t)(command_analyze->cmd_table[CA_TLM_PAGE_SIZE*(command_analyze->tlm_page_no)+13].cmd_func),PACKET,118,0,32,HEX,,,,,,,,,
,CMD13.PARAM0_SIZE,uint8_t,,PACKET,122,0,4,,,
,CMD13.PARAM1_SIZE,,,PACKET,122,4,4,,,
,CMD13.PARAM2_SIZE,uint8_t,,PACKET,123,0,4,,,
,CMD13.PARAM3_SIZE,,,PACKET,123,4,4,,,
,CMD13.PARAM4_SIZE,uint8_t,,PACKET,124,0,4,,,
,CMD13.PARAM5_SIZE,,,PACKET,124,4,4,,,
,CMD14.FUNC,uint32_t,(uint32_t)(command_analyze->cmd_table[CA_TLM_PAGE_SIZE*(command_analyze->tlm_page_no)+14].cmd_func),PACKET,125,0,32,HEX,,,,,,,,,
,CMD14.PARAM0_SIZE,uint8_t,,PACKET,129,0,4,,,
,CMD14.PARAM1_SIZE,,,PACKET,129,4,4,,,
,CMD14.PARAM2_SIZE,uint8_t,,PACKET,130,0,4,,,
,CMD14.PARAM3_SIZE,,,PACKET,130,4,4,,,
,CMD14.PARAM4_SIZE,uint8_t,,PACKET,131,0,4,,,
,CMD14.PARAM5_SIZE,,,PACKET,131,4,4,,,
,CMD15.FUNC,uint32_t,(uint32_t)(command_analyze->cmd_table[CA_TLM_PAGE_SIZE*(command_analyze->tlm_page_no)+15].cmd_func),PACKET,132,0,32,HEX,,,,,,,,,
,CMD15.PARAM0_SIZE,uint8_t,,PACKET,136,0,4,,,
,CMD15.PARAM1_SIZE,,,PACKET,136,4,4,,,
,CMD15.PARAM2_SIZE,uint8_t,,PACKET,137,0,4,,,
,CMD15.PARAM3_SIZE,,,PACKET,137,4,4,,,
,CMD15.PARAM4_SIZE,uint8_t,,PACKET,138,0,4,,,
,CMD15.PARAM5_SIZE,,,PACKET,138,4,4,,,
,CMD16.FUNC,uint32_t,(uint32_t)(command_analyze->cmd_table[CA_TLM_PAGE_SIZE*(command_analyze->tlm_page_no)+16].cmd_func),PACKET,139,0,32,HEX,,,,,,,,,
,CMD16.PARAM0_SIZE,uint8_t,,PACKET,143,0,4,,,
,CMD16.PARAM1_SIZE,,,PACKET,143,4,4,,,
,CMD16.PARAM2_SIZE,uint8_t,,PACKET,144,0,4,,,
,CMD16.PARAM3_SIZE,,,PACKET,144,4,4,,,
,CMD16.PARAM4_SIZE,uint8_t,,PACKET,145,0,4,,,
,CMD16.PARAM5_SIZE,,,PACKET,145,4,4,,,
,CMD17.FUNC,uint32_t,(uint32_t)(command_analyze->cmd_table[CA_TLM_PAGE_SIZE*(command_analyze->tlm_page_no)+17].cmd_func),PACKET,146,0,32,HEX,,,,,,,,,
,CMD17.PARAM0_SIZE,uint8_t,,PACKET,150,0,4,,,
,CMD17.PARAM1_SIZE,,,PACKET,150,4,4,,,
,CMD17.PARAM2_SIZE,uint8_t,,PACKET,151,0,4,,,
,CMD17.PARAM3_SIZE,,,PACKET,151,4,4,,,
,CMD17.PARAM4_SIZE,uint8_t,,PACKET,152,0,4,,,
,CMD17.PARAM5_SIZE,,,PACKET,152,4,4,,,
,CMD18.FUNC,uint32_t,(uint32_t)(command_analyze->cmd_table[CA_TLM_PAGE_SIZE*(command_analyze->tlm_page_no)+18].cmd_func),PACKET,153,0,32,HEX,,,,,,,,,
,CMD18.PARAM0_SIZE,uint8_t,,PACKET,157,0,4,,,
,CMD18.PARAM1_SIZE,,,PACKET,157,4,4,,,
,CMD18.PARAM2_SIZE,uint8_t,,PACKET,158,0,4,,,
,CMD18.PARAM3_SIZE,,,PACKET,158,4,4,,,
,CMD18.PARAM4_SIZE,uint8_t,,PACKET,159,0,4,,,
,CMD18.PARAM5_SIZE,,,PACKET,159,4,4,,,
,CMD19.FUNC,uint32_t,(uint32_t)(command_analyze->cmd_table[CA_TLM_PAGE_SIZE*(command_analyze->tlm_page_no)+19].cmd_func),PACKET,160,0,32,HEX,,,,,,,,,
,CMD19.PARAM0_SIZE,uint8_t,,PACKET,164,0,4,,,
,CMD19.PARAM1_SIZE,,,PACKET,164,4,4,,,
,CMD19.PARAM2_SIZE,uint8_t,,PACKET,165,0,4,,,
,CMD19.PARAM3_SIZE,,,PACKET,165,4,4,,,
,CMD19.PARAM4_SIZE,uint8_t,,PACKET,166,0,4,,,
,CMD19.PARAM5_SIZE,,,PACKET,166,4,4,,,
,CMD20.FUNC,uint32_t,(uint32_t)(command_analyze->cmd_table[CA_TLM_PAGE_SIZE*(command_analyze->tlm_page_no)+20].cmd_func),PACKET,167,0,32,HEX,,,,,,,,,
,CMD20.PARAM0_SIZE,uint8_t,,PACKET,171,0,4,,,
,CMD20.PARAM1_SIZE,,,PACKET,171,4,4,,,
,CMD20.PARAM2_SIZE,uint8_t,,PACKET,172,0,4,,,
,CMD20.PARAM3_SIZE,,,PACKET,172,4,4,,,
,CMD20.PARAM4_SIZE,uint8_t,,PACKET,173,0,4,,,
,CMD20.PARAM5_SIZE,,,PACKET,173,4,4,,,
,CMD21.FUNC,uint32_t,(uint32_t)(command_analyze->cmd_table[CA_TLM_PAGE_SIZE*(command_analyze->tlm_page_no)+21].cmd_func),PACKET,174,0,32,HEX,,,,,,,,,
,CMD21.PARAM0_SIZE,uint8_t,,PACKET,178,0,4,,,
,CMD21.PARAM1_SIZE,,,PACKET,178,4,4,,,
,CMD21.PARAM2_SIZE,uint8_t,,PACKET,179,0,4,,,
,CMD21.PARAM3_SIZE,,,PACKET,179,4,4,,,
,CMD21.PARAM4_SIZE,uint8_t,,PACKET,180,0,4,,,
,CMD21.PARAM5_SIZE,,,PACKET,180,4,4,,,
,CMD22.FUNC,uint32_t,(uint32_t)(command_analyze->cmd_table[CA_TLM_PAGE_SIZE*(command_analyze->tlm_page_no)+22].cmd_func),PACKET,181,0,32,HEX,,,,,,,,,
,CMD22.PARAM0_SIZE,uint8_t,,PACKET,185,0,4,,,
,CMD22.PARAM1_SIZE,,,PACKET,185,4,4,,,
,CMD22.PARAM2_SIZE,uint8_t,,PACKET,186,0,4,,,
,CMD22.PARAM3_SIZE,,,PACKET,186,4,4,,,
,CMD22.PARAM4_SIZE,uint8_t,,PACKET,187,0,4,,,
,CMD22.PARAM5_SIZE,,,PACKET,187,4,4,,,
,CMD23.FUNC,uint32_t,(uint32_t)(command_analyze->cmd_table[CA_TLM_PAGE_SIZE*(command_analyze->tlm_page_no)+23].cmd_func),PACKET,188,0,32,HEX,,,,,,,,,
,CMD23.PARAM0_SIZE,uint8_t,,PACKET,192,0,4,,,
,CMD23.PARAM1_SIZE,,,PACKET,192,4,4,,,
,CMD23.PARAM2_SIZE,uint8_t,,PACKET,193,0,4,,,
,CMD23.PARAM3_SIZE,,,PACKET,193,4,4,,,
,CMD23.PARAM4_SIZE,uint8_t,,PACKET,194,0,4,,,
,CMD23.PARAM5_SIZE,,,PACKET,194,4,4,,,
,CMD24.FUNC,uint32_t,(uint32_t)(command_analyze->cmd_table[CA_TLM_PAGE_SIZE*(command_analyze->tlm_page_no)+24].cmd_func),PACKET,195,0,32,HEX,,,,,,,,,
,CMD24.PARAM0_SIZE,uint8_t,,PACKET,199,0,4,,,
,CMD24.PARAM1_SIZE,,,PACKET,199,4,4,,,
,CMD24.PARAM2_SIZE,uint8_t,,PACKET,200,0,4,,,
,CMD24.PARAM3_SIZE,,,PACKET,200,4,4,,,
,CMD24.PARAM4_SIZE,uint8_t,,PACKET,201,0,4,,,
,CMD24.PARAM5_SIZE,,,PACKET,201,4,4,,,
,CMD25.FUNC,uint32_t,(uint32_t)(command_analyze->cmd_table[CA_TLM_PAGE_SIZE*(command_analyze->tlm_page_no)+25].cmd_func),PACKET,202,0,32,HEX,,,,,,,,,
,CMD25.PARAM0_SIZE,uint8_t,,PACKET,206,0,4,,,
,CMD25.PARAM1_SIZE,,,PACKET,206,4,4,,,
,CMD25.PARAM2_SIZE,uint8_t,,PACKET,207,0,4,,,
,CMD25.PARAM3_SIZE,,,PACKET,207,4,4,,,
,CMD25.PARAM4_SIZE,uint8_t,,PACKET,208,0,4,,,
,CMD25.PARAM5_SIZE,,,PACKET,208,4,4,,,
,CMD26.FUNC,uint32_t,(uint32_t)(command_analyze->cmd_table[CA_TLM_PAGE_SIZE*(command_analyze->tlm_page_no)+26].cmd_func),PACKET,209,0,32,HEX,,,,,,,,,
,CMD26.PARAM0_SIZE,uint8_t,,PACKET,213,0,4,,,
,CMD26.PARAM1_SIZE,,,PACKET,213,4,4,,,
,CMD26.PARAM2_SIZE,uint8_t,,PACKET,214,0,4,,,
,CMD26.PARAM3_SIZE,,,PACKET,214,4,4,,,
,CMD26.PARAM4_SIZE,uint8_t,,PACKET,215,0,4,,,
,CMD26.PARAM5_SIZE,,,PACKET,215,4,4,,,
,CMD27.FUNC,uint32_t,(uint32_t)(command_analyze->cmd_table[CA_TLM_PAGE_SIZE*(command_analyze->tlm_page_no)+27].cmd_func),PACKET,216,0,32,HEX,,,,,,,,,
,CMD27.PARAM0_SIZE,uint8_t,,PACKET,220,0,4,,,
,CMD27.PARAM1_SIZE,,,PACKET,220,4,4,,,
,CMD27.PARAM2_SIZE,uint8_t,,PACKET,221,0,4,,,
,CMD27.PARAM3_SIZE,,,PACKET,221,4,4,,,
,CMD27.PARAM4_SIZE,uint8_t,,PACKET,222,0,4,,,
,CMD27.PARAM5_SIZE,,,PACKET,222,4,4,,,
,CMD28.FUNC,uint32_t,(uint32_t)(command_analyze->cmd_table[CA_TLM_PAGE_SIZE*(command_analyze->tlm_page_no)+28].cmd_func),PACKET,223,0,32,HEX,,,,,,,,,
,CMD28.PARAM0_SIZE,uint8_t,,PACKET,227,0,4,,,
,CMD28.PARAM1_SIZE,,,PACKET,227,4,4,,,
,CMD28.PARAM2_SIZE,uint8_t,,PACKET,228,0,4,,,
,CMD28.PARAM3_SIZE,,,PACKET,228,4,4,,,
,CMD28.PARAM4_SIZE,uint8_t,,PACKET,229,0,4,,,
,CMD28.PARAM5_SIZE,,,PACKET,229,4,4,,,
,CMD29.FUNC,uint32_t,(uint32_t)(command_analyze->cmd_table[CA_TLM_PAGE_SIZE*(command_analyze->tlm_page_no)+29].cmd_func),PACKET,230,0,32,HEX,,,,,,,,,
,CMD29.PARAM0_SIZE,uint8_t,,PACKET,234,0,4,,,
,CMD29.PARAM1_SIZE,,,PACKET,234,4,4,,,
,CMD29.PARAM2_SIZE,uint8_t,,PACKET,235,0,4,,,
,CMD29.PARAM3_SIZE,,,PACKET,235,4,4,,,
,CMD29.PARAM4_SIZE,uint8_t,,PACKET,236,0,4,,,
,CMD29.PARAM5_SIZE,,,PACKET,236,4,4,,,
,CMD30.FUNC,uint32_t,(uint32_t)(command_analyze->cmd_table[CA_TLM_PAGE_SIZE*(command_analyze->tlm_page_no)+30].cmd_func),PACKET,237,0,32,HEX,,,,,,,,,
,CMD30.PARAM0_SIZE,uint8_t,,PACKET,241,0,4,,,
,CMD30.PARAM1_SIZE,,,PACKET,241,4,4,,,
,CMD30.PARAM2_SIZE,uint8_t,,PACKET,242,0,4,,,
,CMD30.PARAM3_SIZE,,,PACKET,242,4,4,,,
,CMD30.PARAM4_SIZE,uint8_t,,PACKET,243,0,4,,,
,CMD30.PARAM5_SIZE,,,PACKET,243,4,4,,,
,CMD31.FUNC,uint32_t,(uint32_t)(command_analyze->cmd_table[CA_TLM_PAGE_SIZE*(command_analyze->tlm_page_no)+31].cmd_func),PACKET,244,0,32,HEX,,,,,,,,,
,CMD31.PARAM0_SIZE,uint8_t,,PACKET,248,0,4,,,
,CMD31.PARAM1_SIZE,,,PACKET,248,4,4,,,
,CMD31.PARAM2_SIZE,uint8_t,,PACKET,249,0,4,,,
,CMD31.PARAM3_SIZE,,,PACKET,249,4,4,,,
,CMD31.PARAM4_SIZE,uint8_t,,PACKET,250,0,4,,,
,CMD31.PARAM5_SIZE,,,PACKET,250,4,4,,,
